allele,seq_num,start,end,length,peptide,core,icore,Aff,Rank
HLA-A*02:01,9,1,8,8,LLGHIFYV,LL-GHIFYV,LLGHIFYV,12.7,0.12
HLA-A*02:01,140,1,8,8,KMGLIFEV,KM-GLIFEV,KMGLIFEV,24.28,0.21
HLA-A*02:01,331,1,8,8,FLSTLHEV,FL-STLHEV,FLSTLHEV,26.11,0.24
HLA-A*02:01,310,1,8,8,YLFHVQEV,YLF-HVQEV,YLFHVQEV,28.24,0.26
HLA-A*02:01,75,1,8,8,LMDFIHQV,-LMDFIHQV,LMDFIHQV,32.15,0.29
HLA-A*02:01,314,1,8,8,SLFKIWLV,SLF-KIWLV,SLFKIWLV,35.87,0.32
HLA-A*02:01,426,1,8,8,FLFRPWDV,FLF-RPWDV,FLFRPWDV,40.0,0.36
HLA-A*02:01,261,1,8,8,FMANIPLL,FMA-NIPLL,FMANIPLL,46.61,0.41
HLA-A*02:01,287,1,8,8,FLSDIVRV,FLSD-IVRV,FLSDIVRV,48.45,0.42
HLA-A*02:01,385,1,8,8,FLAPGFTL,FLAPG-FTL,FLAPGFTL,57.21,0.46
HLA-A*02:01,382,1,8,8,FLFRITQV,FLF-RITQV,FLFRITQV,58.53,0.47
HLA-A*02:01,309,1,8,8,FLYKVVQV,FLY-KVVQV,FLYKVVQV,59.87,0.48
HLA-A*02:01,131,1,8,8,FLLGFQFI,FLL-GFQFI,FLLGFQFI,62.82,0.51
HLA-A*02:01,268,1,8,8,FLGKIYQI,FL-GKIYQI,FLGKIYQI,63.68,0.52
HLA-A*02:01,372,1,8,8,FLAKVHEL,FLA-KVHEL,FLAKVHEL,68.45,0.54
HLA-A*02:01,463,1,8,8,FMSQVHSV,FM-SQVHSV,FMSQVHSV,69.1,0.55
HLA-A*02:01,165,1,8,8,YLASVFHA,YLAS-VFHA,YLASVFHA,69.13,0.55
HLA-A*02:01,168,1,8,8,ILYKVFAV,ILY-KVFAV,ILYKVFAV,69.73,0.55
HLA-A*02:01,189,1,8,8,KLADVFRV,KLAD-VFRV,KLADVFRV,71.58,0.56
HLA-A*02:01,214,1,8,8,FLYPFPLA,FLYPFPL-A,FLYPFPLA,72.83,0.57
HLA-A*02:01,412,1,8,8,FLASVSTV,FLAS-VSTV,FLASVSTV,78.8,0.6
HLA-A*02:01,133,1,8,8,VLDVIHEV,VL-DVIHEV,VLDVIHEV,81.59,0.61
HLA-A*02:01,197,1,8,8,LLGQVFQV,LL-GQVFQV,LLGQVFQV,86.06,0.65
HLA-A*02:01,356,1,8,8,HLGVVYYV,HL-GVVYYV,HLGVVYYV,86.61,0.65
HLA-A*02:01,204,1,8,8,YMPIPVGV,YM-PIPVGV,YMPIPVGV,88.78,0.67
HLA-A*02:01,340,1,8,8,FLDKVVGL,FL-DKVVGL,FLDKVVGL,89.36,0.67
HLA-A*02:01,89,1,8,8,GLGRVWAV,GL-GRVWAV,GLGRVWAV,94.12,0.7
HLA-A*02:01,260,1,8,8,FLGKLLEA,FL-GKLLEA,FLGKLLEA,100.46,0.75
HLA-A*02:01,54,1,8,8,ALGLLYHV,AL-GLLYHV,ALGLLYHV,101.91,0.76
HLA-A*02:01,82,1,8,8,ALSKIFAV,AL-SKIFAV,ALSKIFAV,102.31,0.76
HLA-A*02:01,472,1,8,8,FLAFVEKV,FLA-FVEKV,FLAFVEKV,103.7,0.77
HLA-A*02:01,191,1,8,8,VMGKIFAV,VM-GKIFAV,VMGKIFAV,108.0,0.8
HLA-A*02:01,379,1,8,8,YLGKVLEL,YL-GKVLEL,YLGKVLEL,110.29,0.81
HLA-A*02:01,453,1,8,8,ILGRVWEL,IL-GRVWEL,ILGRVWEL,113.21,0.82
HLA-A*02:01,273,1,8,8,KLGDIMGV,KL-GDIMGV,KLGDIMGV,115.94,0.84
HLA-A*02:01,256,1,8,8,FLSGFQVV,FLSGFQV-V,FLSGFQVV,116.81,0.84
HLA-A*02:01,19,1,8,8,YLGLPAFL,YL-GLPAFL,YLGLPAFL,118.36,0.85
HLA-A*02:01,267,1,8,8,KLGFTVTV,KL-GFTVTV,KLGFTVTV,118.84,0.85
HLA-A*02:01,221,1,8,8,GLLKVWQV,GLL-KVWQV,GLLKVWQV,122.88,0.88
HLA-A*02:01,78,1,8,8,YLDEELMV,YLDEELM-V,YLDEELMV,132.36,0.92
HLA-A*02:01,20,1,8,8,YLGKIMTA,YL-GKIMTA,YLGKIMTA,145.38,0.98
HLA-A*02:01,262,1,8,8,FLGKIIDV,FL-GKIIDV,FLGKIIDV,146.38,0.98
HLA-A*02:01,33,1,8,8,ILGKVYSV,IL-GKVYSV,ILGKVYSV,155.43,1.2
HLA-A*02:01,442,1,8,8,SLGKIFAL,SL-GKIFAL,SLGKIFAL,169.19,1.2
HLA-A*02:01,225,1,8,8,SLGKVFGV,SL-GKVFGV,SLGKVFGV,175.85,1.3
HLA-A*02:01,447,1,8,8,FLGDGMGV,FLGDG-MGV,FLGDGMGV,185.74,1.3
HLA-A*02:01,155,1,8,8,FLGTTPTL,FL-GTTPTL,FLGTTPTL,190.88,1.3
HLA-A*02:01,172,1,8,8,YLFKVVLI,YLF-KVVLI,YLFKVVLI,198.92,1.4
HLA-A*02:01,294,1,8,8,LLDRIVSV,LL-DRIVSV,LLDRIVSV,200.83,1.4
HLA-A*02:01,56,1,8,8,LLGNIHAV,LL-GNIHAV,LLGNIHAV,216.69,1.4
HLA-A*02:01,130,1,8,8,LLDVVHPA,LL-DVVHPA,LLDVVHPA,224.34,1.4
HLA-A*02:01,190,1,8,8,KLGFINHV,KL-GFINHV,KLGFINHV,241.82,1.5
HLA-A*02:01,6,1,8,8,LLADAVAV,LLADAVA-V,LLADAVAV,254.8,1.6
HLA-A*02:01,377,1,8,8,MLGGVFKI,ML-GGVFKI,MLGGVFKI,257.04,1.6
HLA-A*02:01,313,1,8,8,ALFKAWAL,ALF-KAWAL,ALFKAWAL,258.14,1.6
HLA-A*02:01,219,1,8,8,VLDNPYPV,VL-DNPYPV,VLDNPYPV,265.09,1.6
HLA-A*02:01,45,1,8,8,FLDHPHRL,FLD-HPHRL,FLDHPHRL,300.91,1.7
HLA-A*02:01,333,1,8,8,VLGIVVGV,VL-GIVVGV,VLGIVVGV,316.62,1.8
HLA-A*02:01,15,1,8,8,ILGPTFTL,IL-GPTFTL,ILGPTFTL,329.23,1.8
HLA-A*02:01,42,1,8,8,ILFRVVGV,ILF-RVVGV,ILFRVVGV,349.05,1.9
HLA-A*02:01,49,1,8,8,KLLEPVLL,KLLEPVL-L,KLLEPVLL,351.4,1.9
HLA-A*02:01,145,1,8,8,GLGGVFKV,GL-GGVFKV,GLGGVFKV,369.15,1.9
HLA-A*02:01,292,1,8,8,KLFDVREV,KLFD-VREV,KLFDVREV,369.21,1.9
HLA-A*02:01,34,1,8,8,GLWGHALL,GLWGHAL-L,GLWGHALL,371.71,2.0
HLA-A*02:01,450,1,8,8,FLGKLNEA,FL-GKLNEA,FLGKLNEA,373.69,2.0
HLA-A*02:01,376,1,8,8,FIDLNYMV,FI-DLNYMV,FIDLNYMV,375.36,2.0
HLA-A*02:01,41,1,8,8,LLGKVVSV,LL-GKVVSV,LLGKVVSV,376.03,2.0
HLA-A*02:01,317,1,8,8,ALFPGVAL,ALFPGVA-L,ALFPGVAL,406.21,2.0
HLA-A*02:01,48,1,8,8,LMEHIHKL,-LMEHIHKL,LMEHIHKL,412.18,2.1
HLA-A*02:01,455,1,8,8,ALGFVYKL,AL-GFVYKL,ALGFVYKL,420.61,2.1
HLA-A*02:01,290,1,8,8,YLEDVRLV,YL-EDVRLV,YLEDVRLV,422.56,2.1
HLA-A*02:01,299,1,8,8,MLEALERV,ML-EALERV,MLEALERV,425.94,2.1
HLA-A*02:01,167,1,8,8,SLLAWTLL,SLLAWTL-L,SLLAWTLL,434.2,2.1
HLA-A*02:01,21,1,8,8,FLGVAEQL,FL-GVAEQL,FLGVAEQL,443.08,2.1
HLA-A*02:01,469,1,8,8,LLGKVYVV,LL-GKVYVV,LLGKVYVV,447.02,2.1
HLA-A*02:01,163,1,8,8,VLGTVIGV,VL-GTVIGV,VLGTVIGV,465.08,2.2
HLA-A*02:01,458,1,8,8,VMSKVYAV,VM-SKVYAV,VMSKVYAV,468.44,2.2
HLA-A*02:01,295,1,8,8,LLGTIHAL,LL-GTIHAL,LLGTIHAL,469.54,2.2
HLA-A*02:01,176,1,8,8,SLLPFWYT,SLLP-FWYT,SLLPFWYT,470.45,2.2
HLA-A*02:01,409,1,8,8,KLNISFPA,KL-NISFPA,KLNISFPA,485.96,2.2
HLA-A*02:01,150,1,8,8,FLGPIIKA,FL-GPIIKA,FLGPIIKA,489.37,2.2
HLA-A*02:01,83,1,8,8,ALGSVVAV,AL-GSVVAV,ALGSVVAV,495.09,2.2
HLA-A*02:01,59,1,8,8,FLSDFEMM,FLSDFEM-M,FLSDFEMM,517.82,2.3
HLA-A*02:01,403,1,8,8,FIHIITGV,FI-HIITGV,FIHIITGV,547.18,2.4
HLA-A*02:01,307,1,8,8,YLGRSPLV,YL-GRSPLV,YLGRSPLV,547.98,2.4
HLA-A*02:01,283,1,8,8,SLFKSWRL,SLF-KSWRL,SLFKSWRL,565.63,2.4
HLA-A*02:01,375,1,8,8,HLAFVHGV,HLA-FVHGV,HLAFVHGV,600.3,2.5
HLA-A*02:01,316,1,8,8,ILSPVQEV,ILSP-VQEV,ILSPVQEV,611.7,2.5
HLA-A*02:01,44,1,8,8,FLGAVEEA,FL-GAVEEA,FLGAVEEA,616.09,2.5
HLA-A*02:01,454,1,8,8,LADLVHHV,-LADLVHHV,LADLVHHV,616.51,2.5
HLA-A*02:01,414,1,8,8,ALFKAIGV,ALF-KAIGV,ALFKAIGV,622.18,2.5
HLA-A*02:01,203,1,8,8,VLGAITSV,VL-GAITSV,VLGAITSV,626.18,2.5
HLA-A*02:01,143,1,8,8,ILGKIWDL,IL-GKIWDL,ILGKIWDL,629.78,2.6
HLA-A*02:01,452,1,8,8,TLGQIWDV,TL-GQIWDV,TLGQIWDV,630.23,2.6
HLA-A*02:01,222,1,8,8,YLPPATQV,YL-PPATQV,YLPPATQV,670.5,2.7
HLA-A*02:01,113,1,8,8,SLLGHLMI,SLLGHLM-I,SLLGHLMI,681.99,2.7
HLA-A*02:01,364,1,8,8,GLDKVITV,GL-DKVITV,GLDKVITV,691.59,2.7
HLA-A*02:01,274,1,8,8,VLGKIWKL,VL-GKIWKL,VLGKIWKL,704.43,2.7
HLA-A*02:01,138,1,8,8,FLDLGPWA,FLDLGPW-A,FLDLGPWA,713.86,2.7
HLA-A*02:01,52,1,8,8,YLWSEVFS,YLWSEVFS-,YLWSEVFS,718.74,2.7
HLA-A*02:01,100,1,8,8,SIFKAWAV,SIF-KAWAV,SIFKAWAV,735.75,2.8
HLA-A*02:01,474,1,8,8,FLDKIDVI,FL-DKIDVI,FLDKIDVI,751.66,2.8
HLA-A*02:01,462,1,8,8,LLKKVWKV,LL-KKVWKV,LLKKVWKV,751.96,2.8
HLA-A*02:01,121,1,8,8,ILSPAFKV,ILSPA-FKV,ILSPAFKV,769.67,2.8
HLA-A*02:01,229,1,8,8,YILDLQVV,YILDLQV-V,YILDLQVV,800.73,2.9
HLA-A*02:01,266,1,8,8,YLGKTHNL,YL-GKTHNL,YLGKTHNL,806.83,2.9
HLA-A*02:01,175,1,8,8,GMDYDYAL,GM-DYDYAL,GMDYDYAL,835.44,3.0
HLA-A*02:01,207,1,8,8,YLWSEVYS,YLWSEVYS-,YLWSEVYS,845.35,3.0
HLA-A*02:01,477,1,8,8,FLGAVKNV,FL-GAVKNV,FLGAVKNV,849.91,3.0
HLA-A*02:01,76,1,8,8,YLGQVTTI,YL-GQVTTI,YLGQVTTI,850.89,3.0
HLA-A*02:01,80,1,8,8,LLPAIVHI,LL-PAIVHI,LLPAIVHI,872.59,3.0
HLA-A*02:01,88,1,8,8,ILYRPVAV,ILY-RPVAV,ILYRPVAV,910.69,3.1
HLA-A*02:01,241,1,8,8,KLGDTPGV,KL-GDTPGV,KLGDTPGV,928.38,3.1
HLA-A*02:01,399,1,8,8,SLFEGTWY,SLFEGTWY-,SLFEGTWY,936.19,3.1
HLA-A*02:01,413,1,8,8,KLTIVSTV,KL-TIVSTV,KLTIVSTV,945.28,3.2
HLA-A*02:01,58,1,8,8,RLGDVVRV,RL-GDVVRV,RLGDVVRV,967.53,3.2
HLA-A*02:01,43,1,8,8,LLGKVVAL,LL-GKVVAL,LLGKVVAL,973.09,3.2
HLA-A*02:01,118,1,8,8,MMDVDHQI,MMD-VDHQI,MMDVDHQI,992.65,3.2
HLA-A*02:01,206,1,8,8,QLAEVHSV,QLAE-VHSV,QLAEVHSV,1001.01,3.2
HLA-A*02:01,240,1,8,8,YLGQIQHI,YL-GQIQHI,YLGQIQHI,1055.45,3.3
HLA-A*02:01,144,1,8,8,KLGYISRV,KL-GYISRV,KLGYISRV,1139.06,3.5
HLA-A*02:01,410,1,8,8,LYGKIIHL,-LYGKIIHL,LYGKIIHL,1185.0,3.5
HLA-A*02:01,418,1,8,8,YLGKATVV,YLGKATV-V,YLGKATVV,1195.32,3.6
HLA-A*02:01,213,1,8,8,LMTTVHAI,-LMTTVHAI,LMTTVHAI,1208.83,3.6
HLA-A*02:01,99,1,8,8,ALGLSYKV,AL-GLSYKV,ALGLSYKV,1224.11,3.6
HLA-A*02:01,349,1,8,8,IMGYISKV,IM-GYISKV,IMGYISKV,1234.62,3.6
HLA-A*02:01,351,1,8,8,VIDVIHEV,VI-DVIHEV,VIDVIHEV,1246.78,3.6
HLA-A*02:01,433,1,8,8,ALGMSYHL,AL-GMSYHL,ALGMSYHL,1257.35,3.7
HLA-A*02:01,363,1,8,8,KLAQIEGV,KLA-QIEGV,KLAQIEGV,1286.39,3.7
HLA-A*02:01,170,1,8,8,TLAEIAKV,TLAE-IAKV,TLAEIAKV,1305.94,3.7
HLA-A*02:01,436,1,8,8,LLGDVVRL,LL-GDVVRL,LLGDVVRL,1309.82,3.7
HLA-A*02:01,378,1,8,8,TLGKLYEA,TL-GKLYEA,TLGKLYEA,1322.3,3.8
HLA-A*02:01,81,1,8,8,ILDKVHSI,IL-DKVHSI,ILDKVHSI,1413.8,3.9
HLA-A*02:01,245,1,8,8,RLIESLFT,RLIESLF-T,RLIESLFT,1440.74,3.9
HLA-A*02:01,250,1,8,8,SLDNIVKL,SL-DNIVKL,SLDNIVKL,1520.42,4.0
HLA-A*02:01,421,1,8,8,ILDEGHAI,ILDEG-HAI,ILDEGHAI,1539.59,4.1
HLA-A*02:01,470,1,8,8,LLGSAHEV,LL-GSAHEV,LLGSAHEV,1575.96,4.1
HLA-A*02:01,443,1,8,8,SLLDRFLA,SLLDR-FLA,SLLDRFLA,1613.61,4.2
HLA-A*02:01,437,1,8,8,RMFLSFPT,RMF-LSFPT,RMFLSFPT,1639.16,4.2
HLA-A*02:01,357,1,8,8,VLGKITLV,VL-GKITLV,VLGKITLV,1645.59,4.2
HLA-A*02:01,319,1,8,8,ALLNGEYL,ALLNG-EYL,ALLNGEYL,1716.95,4.3
HLA-A*02:01,394,1,8,8,ALGTVTNV,AL-GTVTNV,ALGTVTNV,1718.66,4.3
HLA-A*02:01,216,1,8,8,LQEMVHQV,-LQEMVHQV,LQEMVHQV,1780.19,4.4
HLA-A*02:01,126,1,8,8,KLGLVQKV,KL-GLVQKV,KLGLVQKV,1833.06,4.4
HLA-A*02:01,475,1,8,8,FLFDKPVS,FLFDKPVS-,FLFDKPVS,1894.58,4.5
HLA-A*02:01,149,1,8,8,KLGKITFI,KL-GKITFI,KLGKITFI,1979.75,4.6
HLA-A*02:01,362,1,8,8,ILLYETAL,ILL-YETAL,ILLYETAL,1999.55,4.6
HLA-A*02:01,252,1,8,8,ILGPSHHV,IL-GPSHHV,ILGPSHHV,2013.12,4.7
HLA-A*02:01,400,1,8,8,FMATVTKA,FMA-TVTKA,FMATVTKA,2075.53,4.7
HLA-A*02:01,381,1,8,8,LANHLIKV,-LANHLIKV,LANHLIKV,2136.07,4.8
HLA-A*02:01,156,1,8,8,LIGHLERV,-LIGHLERV,LIGHLERV,2273.13,5.0
HLA-A*02:01,275,1,8,8,KAGVIFPV,KA-GVIFPV,KAGVIFPV,2287.86,5.0
HLA-A*02:01,427,1,8,8,AMSSKFFL,AMSSK-FFL,AMSSKFFL,2321.68,5.1
HLA-A*02:01,202,1,8,8,ALFQRPPL,ALFQRPP-L,ALFQRPPL,2382.24,5.1
HLA-A*02:01,318,1,8,8,ALLDEVIM,ALLDEVI-M,ALLDEVIM,2564.95,5.3
HLA-A*02:01,429,1,8,8,LIDHQTYL,-LIDHQTYL,LIDHQTYL,2577.75,5.4
HLA-A*02:01,296,1,8,8,TLTGVHQV,TL-TGVHQV,TLTGVHQV,2609.4,5.4
HLA-A*02:01,101,1,8,8,KLGIAPQI,KL-GIAPQI,KLGIAPQI,2634.42,5.4
HLA-A*02:01,305,1,8,8,GLGPTFKL,GL-GPTFKL,GLGPTFKL,2643.19,5.4
HLA-A*02:01,196,1,8,8,LLGRTHSV,LL-GRTHSV,LLGRTHSV,2686.87,5.5
HLA-A*02:01,407,1,8,8,KVASLIGV,KVAS-LIGV,KVASLIGV,2783.25,5.6
HLA-A*02:01,5,1,8,8,LDRFLATV,-LDRFLATV,LDRFLATV,2893.61,5.7
HLA-A*02:01,184,1,8,8,ILGITSPA,IL-GITSPA,ILGITSPA,2977.17,5.8
HLA-A*02:01,251,1,8,8,KLFGMIIT,KLFGMII-T,KLFGMIIT,2986.04,5.8
HLA-A*02:01,68,1,8,8,GLMTTVHA,GLMTTVH-A,GLMTTVHA,3032.56,5.9
HLA-A*02:01,456,1,8,8,HLGPVTAV,HLGP-VTAV,HLGPVTAV,3090.2,6.0
HLA-A*02:01,112,1,8,8,LSDHHIYL,-LSDHHIYL,LSDHHIYL,3097.09,6.0
HLA-A*02:01,103,1,8,8,KLGLAPQI,KL-GLAPQI,KLGLAPQI,3162.31,6.1
HLA-A*02:01,27,1,8,8,AVFRVWEA,AVF-RVWEA,AVFRVWEA,3200.86,6.1
HLA-A*02:01,235,1,8,8,GLDFEAIL,GL-DFEAIL,GLDFEAIL,3326.81,6.3
HLA-A*02:01,127,1,8,8,TLAEVRAV,TLAE-VRAV,TLAEVRAV,3362.6,6.3
HLA-A*02:01,61,1,8,8,KVGEVTYV,KV-GEVTYV,KVGEVTYV,3767.21,6.7
HLA-A*02:01,108,1,8,8,ALQEELQL,ALQEEL-QL,ALQEELQL,3770.76,6.7
HLA-A*02:01,146,1,8,8,KAFDITYV,KAFD-ITYV,KAFDITYV,3825.53,6.8
HLA-A*02:01,285,1,8,8,FLTEFINY,FLTEFINY-,FLTEFINY,3897.01,6.8
HLA-A*02:01,211,1,8,8,YLGKIKRV,YL-GKIKRV,YLGKIKRV,4167.27,7.1
HLA-A*02:01,233,1,8,8,ILGTAQSV,IL-GTAQSV,ILGTAQSV,4308.48,7.3
HLA-A*02:01,282,1,8,8,VLGRVNLV,VL-GRVNLV,VLGRVNLV,4370.55,7.3
HLA-A*02:01,425,1,8,8,VLGKIEKV,VL-GKIEKV,VLGKIEKV,4382.11,7.4
HLA-A*02:01,249,1,8,8,LLDKKIGV,LLDKKI-GV,LLDKKIGV,4411.75,7.4
HLA-A*02:01,365,1,8,8,ILGGVKAV,IL-GGVKAV,ILGGVKAV,4497.34,7.5
HLA-A*02:01,183,1,8,8,SLLEHHKI,SLLEH-HKI,SLLEHHKI,4523.11,7.5
HLA-A*02:01,389,1,8,8,FLFDEEME,FLFDEEME-,FLFDEEME,4627.45,7.6
HLA-A*02:01,35,1,8,8,FLTELVIS,FLTELVIS-,FLTELVIS,4870.39,7.9
HLA-A*02:01,480,1,8,8,ALWDKLFN,ALWDKLFN-,ALWDKLFN,4963.65,8.0
HLA-A*02:01,464,1,8,8,ILYKGETI,ILYKG-ETI,ILYKGETI,5152.49,8.2
HLA-A*02:01,142,1,8,8,KVIENPYL,KVIE-NPYL,KVIENPYL,5171.2,8.2
HLA-A*02:01,79,1,8,8,TIGLIHAV,TI-GLIHAV,TIGLIHAV,5279.01,8.3
HLA-A*02:01,234,1,8,8,VLGPLKSV,VL-GPLKSV,VLGPLKSV,5417.77,8.4
HLA-A*02:01,86,1,8,8,ALGNVRTV,AL-GNVRTV,ALGNVRTV,5437.62,8.4
HLA-A*02:01,405,1,8,8,LAEKIYKI,-LAEKIYKI,LAEKIYKI,5489.46,8.5
HLA-A*02:01,369,1,8,8,GLGKVSYI,GL-GKVSYI,GLGKVSYI,5513.27,8.5
HLA-A*02:01,237,1,8,8,LDEMSHKL,-LDEMSHKL,LDEMSHKL,5548.16,8.6
HLA-A*02:01,481,1,8,8,FLADPSAF,FLADPSA-F,FLADPSAF,5598.27,8.6
HLA-A*02:01,246,1,8,8,LDEHVQRV,-LDEHVQRV,LDEHVQRV,5633.93,8.6
HLA-A*02:01,50,1,8,8,LLDNVRKV,LLD-NVRKV,LLDNVRKV,5645.29,8.7
HLA-A*02:01,98,1,8,8,VVAIVHAV,VVA-IVHAV,VVAIVHAV,5884.9,8.9
HLA-A*02:01,37,1,8,8,RLYDGLFK,RLYDGLFK-,RLYDGLFK,5971.49,9.0
HLA-A*02:01,247,1,8,8,HLGKPPEV,HL-GKPPEV,HLGKPPEV,6123.55,9.1
HLA-A*02:01,200,1,8,8,SVFKGISV,SVFKGI-SV,SVFKGISV,6166.9,9.1
HLA-A*02:01,232,1,8,8,VVALVHAV,VVA-LVHAV,VVALVHAV,6557.43,9.5
HLA-A*02:01,194,1,8,8,KMYAMKCL,KMY-AMKCL,KMYAMKCL,6609.21,9.6
HLA-A*02:01,424,1,8,8,TLGRVITA,TL-GRVITA,TLGRVITA,6720.34,9.7
HLA-A*02:01,360,1,8,8,ILMEHIHK,ILMEHIHK-,ILMEHIHK,6911.4,9.9
HLA-A*02:01,57,1,8,8,LLQDLHKA,LLQD-LHKA,LLQDLHKA,6954.01,9.9
HLA-A*02:01,205,1,8,8,ILGTVHKA,IL-GTVHKA,ILGTVHKA,7014.16,10.0
HLA-A*02:01,244,1,8,8,LTGHNHYV,-LTGHNHYV,LTGHNHYV,7142.82,11.0
HLA-A*02:01,298,1,8,8,GMGPDYRV,GM-GPDYRV,GMGPDYRV,7154.88,11.0
HLA-A*02:01,40,1,8,8,VLGKVNEI,VL-GKVNEI,VLGKVNEI,7200.63,11.0
HLA-A*02:01,430,1,8,8,VLFEDVYE,VLFEDVYE-,VLFEDVYE,7351.38,12.0
HLA-A*02:01,473,1,8,8,ILWPVEIT,ILWPVEI-T,ILWPVEIT,7367.39,12.0
HLA-A*02:01,210,1,8,8,SMGKIRTV,SM-GKIRTV,SMGKIRTV,7413.69,12.0
HLA-A*02:01,230,1,8,8,LQMAKLAL,LQMAKLA-L,LQMAKLAL,7514.31,12.0
HLA-A*02:01,69,1,8,8,SLYGGTIT,SLYGGTIT-,SLYGGTIT,7885.55,12.0
HLA-A*02:01,388,1,8,8,FLDGNELT,FL-DGNELT,FLDGNELT,8193.45,12.0
HLA-A*02:01,255,1,8,8,LIDPFHKA,-LIDPFHKA,LIDPFHKA,8259.94,12.0
HLA-A*02:01,302,1,8,8,LLDRFLAT,LL-DRFLAT,LLDRFLAT,8396.09,13.0
HLA-A*02:01,217,1,8,8,FLSTINVG,FLSTINVG-,FLSTINVG,8650.6,13.0
HLA-A*02:01,272,1,8,8,KQTSSFLV,KQTSS-FLV,KQTSSFLV,8653.13,13.0
HLA-A*02:01,345,1,8,8,FLPEAFDF,FL-PEAFDF,FLPEAFDF,8699.88,13.0
HLA-A*02:01,270,1,8,8,YMLDLQPE,YMLDLQPE-,YMLDLQPE,8847.2,13.0
HLA-A*02:01,51,1,8,8,VLQDIQVM,VLQDIQV-M,VLQDIQVM,8861.76,13.0
HLA-A*02:01,195,1,8,8,GLNSPVKV,GL-NSPVKV,GLNSPVKV,9054.54,13.0
HLA-A*02:01,311,1,8,8,LAEHIKSL,-LAEHIKSL,LAEHIKSL,9139.78,13.0
HLA-A*02:01,263,1,8,8,STGKVFSV,ST-GKVFSV,STGKVFSV,9156.51,13.0
HLA-A*02:01,367,1,8,8,VIGDVIRV,VIGD-VIRV,VIGDVIRV,9213.55,13.0
HLA-A*02:01,411,1,8,8,LFGHENRV,-LFGHENRV,LFGHENRV,9285.81,13.0
HLA-A*02:01,304,1,8,8,GLFAPLVF,GLF-APLVF,GLFAPLVF,9342.65,13.0
HLA-A*02:01,451,1,8,8,SLGKVEAA,SL-GKVEAA,SLGKVEAA,9612.63,14.0
HLA-A*02:01,193,1,8,8,VLQATVVA,VLQATVV-A,VLQATVVA,10326.3,14.0
HLA-A*02:01,359,1,8,8,LDIHNIHV,-LDIHNIHV,LDIHNIHV,10392.09,14.0
HLA-A*02:01,39,1,8,8,RLGSVSEA,RL-GSVSEA,RLGSVSEA,10415.84,14.0
HLA-A*02:01,334,1,8,8,LDEKIEKV,-LDEKIEKV,LDEKIEKV,10449.59,15.0
HLA-A*02:01,105,1,8,8,SLMWTLLK,SLMWTLLK-,SLMWTLLK,10459.21,15.0
HLA-A*02:01,107,1,8,8,GLDNIILF,GL-DNIILF,GLDNIILF,10473.94,15.0
HLA-A*02:01,239,1,8,8,GLSEAQVM,GLSEAQV-M,GLSEAQVM,10627.01,15.0
HLA-A*02:01,460,1,8,8,ALLDEIST,ALLDEI-ST,ALLDEIST,10669.41,15.0
HLA-A*02:01,355,1,8,8,LHEATVRL,-LHEATVRL,LHEATVRL,10694.49,15.0
HLA-A*02:01,329,1,8,8,GIGHVIKV,GI-GHVIKV,GIGHVIKV,10843.16,15.0
HLA-A*02:01,209,1,8,8,MLDLQPET,ML-DLQPET,MLDLQPET,11559.42,16.0
HLA-A*02:01,220,1,8,8,VTLRCWAL,VTL-RCWAL,VTLRCWAL,11811.78,16.0
HLA-A*02:01,419,1,8,8,FLSGVNIQ,FLSGVNIQ-,FLSGVNIQ,11894.62,16.0
HLA-A*02:01,402,1,8,8,LSEKLARL,-LSEKLARL,LSEKLARL,12001.41,16.0
HLA-A*02:01,173,1,8,8,SLFEEMLQ,SLFEEMLQ-,SLFEEMLQ,12166.41,16.0
HLA-A*02:01,344,1,8,8,QLYPISIF,QLYPISI-F,QLYPISIF,12290.78,16.0
HLA-A*02:01,308,1,8,8,IVDPFQIL,IVDPFQI-L,IVDPFQIL,12435.91,16.0
HLA-A*02:01,55,1,8,8,GLADKVYF,GLADKVY-F,GLADKVYF,12484.59,17.0
HLA-A*02:01,465,1,8,8,LLDVTPLS,LL-DVTPLS,LLDVTPLS,12553.26,17.0
HLA-A*02:01,301,1,8,8,VADKIHSV,-VADKIHSV,VADKIHSV,12554.21,17.0
HLA-A*02:01,422,1,8,8,GLVPFLVS,GLVPFLVS-,GLVPFLVS,12825.09,17.0
HLA-A*02:01,397,1,8,8,FLGSVKET,FL-GSVKET,FLGSVKET,12842.86,17.0
HLA-A*02:01,134,1,8,8,LAPHVRTL,-LAPHVRTL,LAPHVRTL,12845.09,17.0
HLA-A*02:01,415,1,8,8,LYDQPRHV,-LYDQPRHV,LYDQPRHV,13028.73,17.0
HLA-A*02:01,96,1,8,8,LAPHLTRA,-LAPHLTRA,LAPHLTRA,13190.29,17.0
HLA-A*02:01,368,1,8,8,IYDEVVKL,-IYDEVVKL,IYDEVVKL,13329.74,17.0
HLA-A*02:01,26,1,8,8,QIGKVVQV,QI-GKVVQV,QIGKVVQV,13404.22,17.0
HLA-A*02:01,416,1,8,8,ALLDRIVS,ALLDRIVS-,ALLDRIVS,13655.86,18.0
HLA-A*02:01,265,1,8,8,VLGFVKVA,VL-GFVKVA,VLGFVKVA,13738.56,18.0
HLA-A*02:01,390,1,8,8,LGRLAHEV,-LGRLAHEV,LGRLAHEV,13963.8,18.0
HLA-A*02:01,123,1,8,8,LSDGVHKI,-LSDGVHKI,LSDGVHKI,14143.22,18.0
HLA-A*02:01,259,1,8,8,FLSELTQQ,FLSELTQQ-,FLSELTQQ,14306.21,18.0
HLA-A*02:01,417,1,8,8,VIDEPVRL,VIDE-PVRL,VIDEPVRL,14636.42,19.0
HLA-A*02:01,439,1,8,8,VQAPDWHL,VQAP-DWHL,VQAPDWHL,14711.52,19.0
HLA-A*02:01,226,1,8,8,VLGKIERA,VL-GKIERA,VLGKIERA,14830.1,19.0
HLA-A*02:01,31,1,8,8,KVLPQELV,KVLPQEL-V,KVLPQELV,14852.42,19.0
HLA-A*02:01,386,1,8,8,FSDIPNPI,FSD-IPNPI,FSDIPNPI,14892.0,19.0
HLA-A*02:01,326,1,8,8,LSTLEHHL,-LSTLEHHL,LSTLEHHL,15011.4,19.0
HLA-A*02:01,171,1,8,8,ALQEISFW,ALQEI-SFW,ALQEISFW,15204.11,19.0
HLA-A*02:01,347,1,8,8,VVGPHPLV,VVGPHPL-V,VVGPHPLV,15255.52,19.0
HLA-A*02:01,187,1,8,8,VLGKVVDA,VL-GKVVDA,VLGKVVDA,15528.47,20.0
HLA-A*02:01,72,1,8,8,KTGRVYNV,KT-GRVYNV,KTGRVYNV,15559.76,20.0
HLA-A*02:01,71,1,8,8,LDKNDHSL,-LDKNDHSL,LDKNDHSL,15737.36,20.0
HLA-A*02:01,327,1,8,8,SLQEEIAF,SLQEEI-AF,SLQEEIAF,15858.55,20.0
HLA-A*02:01,11,1,8,8,YLGEEYPE,YLGEEYPE-,YLGEEYPE,15905.3,20.0
HLA-A*02:01,185,1,8,8,VFDEAVRV,VFDE-AVRV,VFDEAVRV,16467.06,21.0
HLA-A*02:01,132,1,8,8,GVGSIVRV,GV-GSIVRV,GVGSIVRV,17009.23,21.0
HLA-A*02:01,77,1,8,8,LDESHERV,-LDESHERV,LDESHERV,17023.04,21.0
HLA-A*02:01,161,1,8,8,VLDDKDYF,VLDDKD-YF,VLDDKDYF,17112.05,21.0
HLA-A*02:01,370,1,8,8,VVGPSHEV,VV-GPSHEV,VVGPSHEV,17178.27,21.0
HLA-A*02:01,366,1,8,8,HSYRVLYL,HSY-RVLYL,HSYRVLYL,17224.81,21.0
HLA-A*02:01,338,1,8,8,LDQHGHNL,-LDQHGHNL,LDQHGHNL,17631.72,22.0
HLA-A*02:01,169,1,8,8,PMFRNVSL,PMF-RNVSL,PMFRNVSL,17782.31,22.0
HLA-A*02:01,74,1,8,8,AALIIHHV,AAL-IIHHV,AALIIHHV,17811.97,22.0
HLA-A*02:01,192,1,8,8,TLLEKDYF,TLLEKD-YF,TLLEKDYF,17815.05,22.0
HLA-A*02:01,321,1,8,8,ALGTVNRA,AL-GTVNRA,ALGTVNRA,17855.19,22.0
HLA-A*02:01,188,1,8,8,KLDEDYLY,KLDED-YLY,KLDEDYLY,18086.18,22.0
HLA-A*02:01,13,1,8,8,LQEREYRL,-LQEREYRL,LQEREYRL,18117.51,22.0
HLA-A*02:01,441,1,8,8,LDGRGHLL,-LDGRGHLL,LDGRGHLL,18452.05,23.0
HLA-A*02:01,14,1,8,8,KGLEVPFV,KGL-EVPFV,KGLEVPFV,18722.33,23.0
HLA-A*02:01,46,1,8,8,ILEDIQVT,IL-EDIQVT,ILEDIQVT,18931.12,23.0
HLA-A*02:01,335,1,8,8,LDTTRHEL,-LDTTRHEL,LDTTRHEL,19058.55,24.0
HLA-A*02:01,198,1,8,8,HAYIISYL,HAY-IISYL,HAYIISYL,19145.96,24.0
HLA-A*02:01,471,1,8,8,TLDDVQAF,TLDD-VQAF,TLDDVQAF,19412.13,24.0
HLA-A*02:01,60,1,8,8,FDHIPVGV,F-DHIPVGV,FDHIPVGV,19581.52,24.0
HLA-A*02:01,423,1,8,8,QFDVATHL,-QFDVATHL,QFDVATHL,19732.11,25.0
HLA-A*02:01,361,1,8,8,VLSSRLAF,VLSSR-LAF,VLSSRLAF,19846.01,25.0
HLA-A*02:01,73,1,8,8,LDRLTTKV,-LDRLTTKV,LDRLTTKV,20062.55,25.0
HLA-A*02:01,95,1,8,8,LPRKFPSL,-LPRKFPSL,LPRKFPSL,20291.79,25.0
HLA-A*02:01,322,1,8,8,KLWDPRTP,KLWDP-RTP,KLWDPRTP,20436.11,25.0
HLA-A*02:01,438,1,8,8,IIRGLRSV,II-RGLRSV,IIRGLRSV,20450.25,25.0
HLA-A*02:01,479,1,8,8,LIDGIKRA,-LIDGIKRA,LIDGIKRA,20865.08,26.0
HLA-A*02:01,328,1,8,8,VFDPVTKL,VFDP-VTKL,VFDPVTKL,20866.89,26.0
HLA-A*02:01,102,1,8,8,VADHIQKV,VAD-HIQKV,VADHIQKV,21043.73,26.0
HLA-A*02:01,242,1,8,8,VFDPHGTL,VFDPHG-TL,VFDPHGTL,21207.4,26.0
HLA-A*02:01,401,1,8,8,ALSDLEIT,ALSDLEIT-,ALSDLEIT,21645.07,27.0
HLA-A*02:01,212,1,8,8,GLDELFVQ,GLDELFVQ-,GLDELFVQ,21765.31,27.0
HLA-A*02:01,23,1,8,8,ALDDFSIS,ALDDFSIS-,ALDDFSIS,21787.22,27.0
HLA-A*02:01,398,1,8,8,VYPFPGPI,-VYPFPGPI,VYPFPGPI,21923.19,27.0
HLA-A*02:01,36,1,8,8,HMDPSGTF,HMDPSG-TF,HMDPSGTF,21950.96,27.0
HLA-A*02:01,467,1,8,8,SPAILPPL,SPA-ILPPL,SPAILPPL,21965.46,27.0
HLA-A*02:01,159,1,8,8,YFDEHYEY,YFDEH-YEY,YFDEHYEY,22906.96,29.0
HLA-A*02:01,111,1,8,8,LGHEIAHA,-LGHEIAHA,LGHEIAHA,23096.61,29.0
HLA-A*02:01,215,1,8,8,RGYVLPVV,RGY-VLPVV,RGYVLPVV,23099.35,29.0
HLA-A*02:01,461,1,8,8,RLAELSDY,RLAE-LSDY,RLAELSDY,23323.87,30.0
HLA-A*02:01,179,1,8,8,LDKKVEKV,-LDKKVEKV,LDKKVEKV,23445.83,30.0
HLA-A*02:01,315,1,8,8,LKARLVPA,-LKARLVPA,LKARLVPA,23766.37,30.0
HLA-A*02:01,109,1,8,8,FIMVMHIK,FIM-VMHIK,FIMVMHIK,23791.58,30.0
HLA-A*02:01,164,1,8,8,IWGKVTRA,-IWGKVTRA,IWGKVTRA,24028.81,31.0
HLA-A*02:01,153,1,8,8,VLYDELKK,VLYDE-LKK,VLYDELKK,24477.26,31.0
HLA-A*02:01,136,1,8,8,PLGYEIQL,PL-GYEIQL,PLGYEIQL,24575.45,31.0
HLA-A*02:01,4,1,8,8,GLTEDMVT,GLTEDMVT-,GLTEDMVT,24642.82,32.0
HLA-A*02:01,117,1,8,8,VLYDEIKK,VLYDEI-KK,VLYDEIKK,24699.14,32.0
HLA-A*02:01,94,1,8,8,LTDREVRL,-LTDREVRL,LTDREVRL,24782.11,32.0
HLA-A*02:01,141,1,8,8,VAFHHAGL,VAF-HHAGL,VAFHHAGL,24955.93,32.0
HLA-A*02:01,137,1,8,8,HQGPITGI,HQ-GPITGI,HQGPITGI,24976.74,32.0
HLA-A*02:01,218,1,8,8,TSFRLPSL,TSF-RLPSL,TSFRLPSL,25004.59,32.0
HLA-A*02:01,258,1,8,8,LAQRVKEV,-LAQRVKEV,LAQRVKEV,25261.29,33.0
HLA-A*02:01,110,1,8,8,LPHPGLKV,-LPHPGLKV,LPHPGLKV,25429.12,33.0
HLA-A*02:01,352,1,8,8,LLQDGEFS,LLQDGEFS-,LLQDGEFS,25804.12,34.0
HLA-A*02:01,435,1,8,8,WPQLFLLL,WPQ-LFLLL,WPQLFLLL,25868.41,34.0
HLA-A*02:01,29,1,8,8,AFDKHMNL,AFD-KHMNL,AFDKHMNL,26009.3,34.0
HLA-A*02:01,337,1,8,8,VNDRSWKV,VND-RSWKV,VNDRSWKV,26386.29,34.0
HLA-A*02:01,166,1,8,8,FFEEFGKL,FFEEFG-KL,FFEEFGKL,26815.12,35.0
HLA-A*02:01,279,1,8,8,VPVLVHLL,VPV-LVHLL,VPVLVHLL,26836.61,35.0
HLA-A*02:01,374,1,8,8,KLGPAPKT,KL-GPAPKT,KLGPAPKT,26895.9,35.0
HLA-A*02:01,396,1,8,8,RPAVLPLL,RPA-VLPLL,RPAVLPLL,26920.94,35.0
HLA-A*02:01,264,1,8,8,LILDPIFK,LILDPIFK-,LILDPIFK,27019.28,36.0
HLA-A*02:01,93,1,8,8,YPNPLPVL,YPNPLPV-L,YPNPLPVL,27257.11,36.0
HLA-A*02:01,236,1,8,8,FAGGKLRV,FAGGK-LRV,FAGGKLRV,27289.28,36.0
HLA-A*02:01,395,1,8,8,VVGPVKGV,VV-GPVKGV,VVGPVKGV,27348.69,36.0
HLA-A*02:01,129,1,8,8,RPALFANL,RPA-LFANL,RPALFANL,27676.44,37.0
HLA-A*02:01,278,1,8,8,FPGKVHSL,FP-GKVHSL,FPGKVHSL,28307.9,38.0
HLA-A*02:01,186,1,8,8,FGGHIRSV,FG-GHIRSV,FGGHIRSV,28343.14,38.0
HLA-A*02:01,383,1,8,8,RNWFINKL,RNW-FINKL,RNWFINKL,28492.58,38.0
HLA-A*02:01,158,1,8,8,HVKKTLFL,HV-KKTLFL,HVKKTLFL,28583.04,38.0
HLA-A*02:01,63,1,8,8,SIIGRLLE,SIIGRLLE-,SIIGRLLE,28657.36,39.0
HLA-A*02:01,10,1,8,8,VFDPIGHF,VFDPIGH-F,VFDPIGHF,28709.8,39.0
HLA-A*02:01,104,1,8,8,FFDGAKDV,FFDG-AKDV,FFDGAKDV,28790.07,39.0
HLA-A*02:01,325,1,8,8,SPLIRLPI,SPLIRLP-I,SPLIRLPI,28811.26,39.0
HLA-A*02:01,434,1,8,8,FPGKLEVV,FP-GKLEVV,FPGKLEVV,29149.26,40.0
HLA-A*02:01,320,1,8,8,RPFGISAL,RPF-GISAL,RPFGISAL,29397.59,40.0
HLA-A*02:01,22,1,8,8,LFNENPYP,-LFNENPYP,LFNENPYP,29487.1,40.0
HLA-A*02:01,208,1,8,8,RPAVSLTL,RPA-VSLTL,RPAVSLTL,29743.12,41.0
HLA-A*02:01,154,1,8,8,KPALFSVL,KPA-LFSVL,KPALFSVL,30201.33,42.0
HLA-A*02:01,468,1,8,8,RPNIILGL,RPN-IILGL,RPNIILGL,30255.96,42.0
HLA-A*02:01,243,1,8,8,KPATGFTL,KPA-TGFTL,KPATGFTL,30315.61,42.0
HLA-A*02:01,25,1,8,8,RPVPWNAL,RPVPW-NAL,RPVPWNAL,30609.26,43.0
HLA-A*02:01,446,1,8,8,RPYLGPAL,RPY-LGPAL,RPYLGPAL,30669.61,43.0
HLA-A*02:01,87,1,8,8,KHGIPFAL,K-HGIPFAL,KHGIPFAL,30771.64,43.0
HLA-A*02:01,254,1,8,8,VDKVMETL,-VDKVMETL,VDKVMETL,30823.62,43.0
HLA-A*02:01,373,1,8,8,KELKFVTL,KEL-KFVTL,KELKFVTL,30864.34,43.0
HLA-A*02:01,84,1,8,8,ASTYLARL,AST-YLARL,ASTYLARL,31197.74,44.0
HLA-A*02:01,476,1,8,8,YRPPELLL,YR-PPELLL,YRPPELLL,31468.61,45.0
HLA-A*02:01,323,1,8,8,ILDKKVEK,ILDKKVEK-,ILDKKVEK,31719.18,45.0
HLA-A*02:01,224,1,8,8,LLGQVKAS,LLGQVKAS-,LLGQVKAS,31903.33,46.0
HLA-A*02:01,445,1,8,8,YPALGPRL,YPA-LGPRL,YPALGPRL,32142.04,47.0
HLA-A*02:01,120,1,8,8,PYHWPLLV,-PYHWPLLV,PYHWPLLV,32155.95,47.0
HLA-A*02:01,231,1,8,8,SPVVRVAV,SPV-VRVAV,SPVVRVAV,32248.99,47.0
HLA-A*02:01,180,1,8,8,RGFLIASF,RGF-LIASF,RGFLIASF,32262.24,47.0
HLA-A*02:01,65,1,8,8,SLSLSPGK,SL-SLSPGK,SLSLSPGK,32399.02,47.0
HLA-A*02:01,384,1,8,8,YGGSVHEA,YG-GSVHEA,YGGSVHEA,32549.41,48.0
HLA-A*02:01,152,1,8,8,DFDLHSEL,DFD-LHSEL,DFDLHSEL,33039.41,49.0
HLA-A*02:01,291,1,8,8,KPYPGAEL,KPYPG-AEL,KPYPGAEL,33151.14,49.0
HLA-A*02:01,181,1,8,8,SPGLLPHL,SP-GLLPHL,SPGLLPHL,33213.98,49.0
HLA-A*02:01,47,1,8,8,SPMHRVTL,SPM-HRVTL,SPMHRVTL,33311.13,50.0
HLA-A*02:01,371,1,8,8,IPATGHSL,IPA-TGHSL,IPATGHSL,33483.13,50.0
HLA-A*02:01,162,1,8,8,RPINITSL,RPI-NITSL,RPINITSL,33487.84,50.0
HLA-A*02:01,408,1,8,8,AHPPLLVL,A-HPPLLVL,AHPPLLVL,33763.63,51.0
HLA-A*02:01,343,1,8,8,SFDPSRTF,SFD-PSRTF,SFDPSRTF,33851.41,51.0
HLA-A*02:01,288,1,8,8,TEKELLAV,TEKE-LLAV,TEKELLAV,33951.92,52.0
HLA-A*02:01,478,1,8,8,RPMKTSVL,RPM-KTSVL,RPMKTSVL,34020.68,52.0
HLA-A*02:01,177,1,8,8,VRDVVSSL,-VRDVVSSL,VRDVVSSL,34117.26,52.0
HLA-A*02:01,393,1,8,8,APYPSPVL,APYPSPV-L,APYPSPVL,34130.18,52.0
HLA-A*02:01,440,1,8,8,VYDIAAKF,VYD-IAAKF,VYDIAAKF,34482.06,53.0
HLA-A*02:01,306,1,8,8,SPIIRPLL,SPI-IRPLL,SPIIRPLL,34805.93,54.0
HLA-A*02:01,160,1,8,8,CAPRPAKV,CAP-RPAKV,CAPRPAKV,34896.42,55.0
HLA-A*02:01,330,1,8,8,RPISASVL,RPISASV-L,RPISASVL,35023.9,55.0
HLA-A*02:01,114,1,8,8,IFVEAVLR,IFVEA-VLR,IFVEAVLR,35366.63,56.0
HLA-A*02:01,332,1,8,8,RPVAANTL,RPV-AANTL,RPVAANTL,35604.29,57.0
HLA-A*02:01,70,1,8,8,VPSPHQAL,VPSPH-QAL,VPSPHQAL,35659.03,57.0
HLA-A*02:01,466,1,8,8,LEKKVEKV,-LEKKVEKV,LEKKVEKV,35806.32,57.0
HLA-A*02:01,404,1,8,8,HSYRAPAF,HSY-RAPAF,HSYRAPAF,36128.16,58.0
HLA-A*02:01,228,1,8,8,THLLPHVL,THL-LPHVL,THLLPHVL,36153.2,58.0
HLA-A*02:01,115,1,8,8,TPQKLPSL,TP-QKLPSL,TPQKLPSL,36292.33,59.0
HLA-A*02:01,346,1,8,8,RPAASNTL,RPA-ASNTL,RPAASNTL,36333.17,59.0
HLA-A*02:01,339,1,8,8,EVLQKIDV,EVLQKID-V,EVLQKIDV,36373.31,59.0
HLA-A*02:01,64,1,8,8,NNELSHFL,NN-ELSHFL,NNELSHFL,36393.77,59.0
HLA-A*02:01,431,1,8,8,APATRAAL,APA-TRAAL,APATRAAL,36452.49,59.0
HLA-A*02:01,3,1,8,8,HLYDPKNH,HLYDPKNH-,HLYDPKNH,36497.09,60.0
HLA-A*02:01,227,1,8,8,RPKSNIAV,RP-KSNIAV,RPKSNIAV,36727.23,60.0
HLA-A*02:01,116,1,8,8,RPQVGSVV,RPQ-VGSVV,RPQVGSVV,36826.73,61.0
HLA-A*02:01,24,1,8,8,HTDTTVKF,HTD-TTVKF,HTDTTVKF,36841.46,61.0
HLA-A*02:01,182,1,8,8,RPTCKAVL,RPT-CKAVL,RPTCKAVL,36949.65,61.0
HLA-A*02:01,124,1,8,8,RPSVRSVL,RPS-VRSVL,RPSVRSVL,37054.55,62.0
HLA-A*02:01,92,1,8,8,LDTQPKKV,-LDTQPKKV,LDTQPKKV,37061.36,62.0
HLA-A*02:01,28,1,8,8,SPSKCPSL,SPS-KCPSL,SPSKCPSL,37272.89,62.0
HLA-A*02:01,17,1,8,8,VFLENVIR,VFLENVI-R,VFLENVIR,37490.9,63.0
HLA-A*02:01,432,1,8,8,STDVAKTF,STD-VAKTF,STDVAKTF,37714.66,64.0
HLA-A*02:01,238,1,8,8,RPGHASAL,RP-GHASAL,RPGHASAL,37834.0,65.0
HLA-A*02:01,284,1,8,8,RPKSNIVL,RPK-SNIVL,RPKSNIVL,37876.19,65.0
HLA-A*02:01,297,1,8,8,SPRQTLEL,SP-RQTLEL,SPRQTLEL,38167.02,66.0
HLA-A*02:01,248,1,8,8,SPRLSSSL,SPR-LSSSL,SPRLSSSL,38351.66,66.0
HLA-A*02:01,358,1,8,8,GPLKGIEL,GPL-KGIEL,GPLKGIEL,38644.9,68.0
HLA-A*02:01,348,1,8,8,RPFEKSRL,RPFEKS-RL,RPFEKSRL,38664.14,68.0
HLA-A*02:01,8,1,8,8,LIPPQPTG,-LIPPQPTG,LIPPQPTG,38767.61,68.0
HLA-A*02:01,449,1,8,8,SPRTSGVL,SPRTSGV-L,SPRTSGVL,38961.88,69.0
HLA-A*02:01,97,1,8,8,ASKGVKLV,AS-KGVKLV,ASKGVKLV,39008.29,69.0
HLA-A*02:01,157,1,8,8,RPRPGTGL,RPR-PGTGL,RPRPGTGL,39075.02,69.0
HLA-A*02:01,387,1,8,8,AEIAKAEL,AEIAK-AEL,AEIAKAEL,39130.88,69.0
HLA-A*02:01,341,1,8,8,SPLLKGSL,SPLLKG-SL,SPLLKGSL,39367.85,70.0
HLA-A*02:01,201,1,8,8,GSHSMRYF,GSH-SMRYF,GSHSMRYF,39649.11,72.0
HLA-A*02:01,38,1,8,8,AAERRGPL,AAERRGP-L,AAERRGPL,39733.71,72.0
HLA-A*02:01,459,1,8,8,KLKKSELK,KL-KKSELK,KLKKSELK,39787.07,72.0
HLA-A*02:01,354,1,8,8,RPSERPSL,RPSER-PSL,RPSERPSL,39873.69,73.0
HLA-A*02:01,67,1,8,8,FEKGLKNV,FE-KGLKNV,FEKGLKNV,39917.71,73.0
HLA-A*02:01,406,1,8,8,SPTSTPKL,SPT-STPKL,SPTSTPKL,40057.02,73.0
HLA-A*02:01,2,1,8,8,PNVKSIFV,-PNVKSIFV,PNVKSIFV,40096.93,73.0
HLA-A*02:01,174,1,8,8,INNELSHF,INNELSH-F,INNELSHF,40150.75,74.0
HLA-A*02:01,53,1,8,8,SPGERATL,SPGE-RATL,SPGERATL,40180.74,74.0
HLA-A*02:01,280,1,8,8,SPKQGVSL,SPK-QGVSL,SPKQGVSL,40590.61,76.0
HLA-A*02:01,62,1,8,8,HFHKDWQR,HFH-KDWQR,HFHKDWQR,40899.2,77.0
HLA-A*02:01,420,1,8,8,VMETLDND,VMETLDND-,VMETLDND,41085.05,78.0
HLA-A*02:01,119,1,8,8,EIKEQEVV,EIKE-QEVV,EIKEQEVV,41106.39,78.0
HLA-A*02:01,324,1,8,8,VPPFLQPE,-VPPFLQPE,VPPFLQPE,41117.07,78.0
HLA-A*02:01,30,1,8,8,SPVKKPSL,SPVKK-PSL,SPVKKPSL,41419.36,79.0
HLA-A*02:01,444,1,8,8,KPGQAPRL,KP-GQAPRL,KPGQAPRL,41428.76,79.0
HLA-A*02:01,90,1,8,8,RPTPKNSL,RPTPKN-SL,RPTPKNSL,41491.57,79.0
HLA-A*02:01,271,1,8,8,SPTEGRSL,SPTE-GRSL,SPTEGRSL,41593.59,80.0
HLA-A*02:01,122,1,8,8,GPSERPAL,GPSERP-AL,GPSERPAL,41627.37,80.0
HLA-A*02:01,139,1,8,8,SPSKKGPI,SPSKKGP-I,SPSKKGPI,41653.5,80.0
HLA-A*02:01,281,1,8,8,EDRDLFVM,EDRDLFV-M,EDRDLFVM,41701.75,80.0
HLA-A*02:01,457,1,8,8,SPKKSTVL,SPK-KSTVL,SPKKSTVL,41896.21,81.0
HLA-A*02:01,286,1,8,8,KPEPKPAM,KPEPKP-AM,KPEPKPAM,41970.18,81.0
HLA-A*02:01,125,1,8,8,KPRPPQGL,KPRPP-QGL,KPRPPQGL,41981.52,81.0
HLA-A*02:01,428,1,8,8,SPAKKDVL,SPAKKDV-L,SPAKKDVL,42010.61,82.0
HLA-A*02:01,276,1,8,8,PRYLGPAI,PRY-LGPAI,PRYLGPAI,42119.82,82.0
HLA-A*02:01,293,1,8,8,KIHHELNQ,KIHHELNQ-,KIHHELNQ,42161.32,82.0
HLA-A*02:01,223,1,8,8,PDGRIIKV,-PDGRIIKV,PDGRIIKV,42178.67,82.0
HLA-A*02:01,350,1,8,8,SPTIGKQL,SPT-IGKQL,SPTIGKQL,42478.65,84.0
HLA-A*02:01,353,1,8,8,DASLLKKV,DAS-LLKKV,DASLLKKV,42546.26,84.0
HLA-A*02:01,32,1,8,8,PELIRAII,-PELIRAII,PELIRAII,42745.6,85.0
HLA-A*02:01,257,1,8,8,PHLVGPHL,-PHLVGPHL,PHLVGPHL,42845.15,85.0
HLA-A*02:01,1,1,8,8,TPSAKQSL,TPSAKQ-SL,TPSAKQSL,43014.23,86.0
HLA-A*02:01,147,1,8,8,GECDFQEF,GECD-FQEF,GECDFQEF,43056.13,86.0
HLA-A*02:01,269,1,8,8,PASKRPPL,-PASKRPPL,PASKRPPL,43177.87,87.0
HLA-A*02:01,277,1,8,8,SPAKDKVL,SPAKDKV-L,SPAKDKVL,43396.15,88.0
HLA-A*02:01,392,1,8,8,RPSLLPLH,RPSLLPLH-,RPSLLPLH,43854.93,89.0
HLA-A*02:01,380,1,8,8,APRSQIPS,APRSQIPS-,APRSQIPS,43911.45,90.0
HLA-A*02:01,199,1,8,8,KKSELKEL,KKSE-LKEL,KKSELKEL,44106.66,90.0
HLA-A*02:01,16,1,8,8,VREIAQDF,VR-EIAQDF,VREIAQDF,44140.09,91.0
HLA-A*02:01,253,1,8,8,KSERSKDL,KS-ERSKDL,KSERSKDL,44167.8,91.0
HLA-A*02:01,106,1,8,8,PRQPPMSL,-PRQPPMSL,PRQPPMSL,44195.04,91.0
HLA-A*02:01,66,1,8,8,PATDRNAL,PATD-RNAL,PATDRNAL,44747.41,93.0
HLA-A*02:01,151,1,8,8,PDGHTKEM,-PDGHTKEM,PDGHTKEM,44848.73,93.0
HLA-A*02:01,148,1,8,8,PVTGLDAK,PV-TGLDAK,PVTGLDAK,44849.68,93.0
HLA-A*02:01,448,1,8,8,PDSQRLKL,-PDSQRLKL,PDSQRLKL,44975.07,94.0
HLA-A*02:01,391,1,8,8,DPGKQIKL,DP-GKQIKL,DPGKQIKL,45070.04,94.0
HLA-A*02:01,312,1,8,8,PSKPAKSL,PSK-PAKSL,PSKPAKSL,45125.68,94.0
HLA-A*02:01,18,1,8,8,PAGVHPPR,PA-GVHPPR,PAGVHPPR,45255.75,95.0
HLA-A*02:01,178,1,8,8,MKHLPGPQ,MKHLPGPQ-,MKHLPGPQ,45485.97,95.0
HLA-A*02:01,303,1,8,8,APRPASGP,APR-PASGP,APRPASGP,45537.68,96.0
HLA-A*02:01,289,1,8,8,DEHGHVRI,DEH-GHVRI,DEHGHVRI,45540.65,96.0
HLA-A*02:01,342,1,8,8,VRPPIRSH,-VRPPIRSH,VRPPIRSH,45795.11,96.0
HLA-A*02:01,85,1,8,8,LKKSELKE,-LKKSELKE,LKKSELKE,46074.91,97.0
HLA-A*02:01,91,1,8,8,EHIHKLKA,EHIHKL-KA,EHIHKLKA,46080.41,97.0
HLA-A*02:01,12,1,8,8,PDQGIAKA,-PDQGIAKA,PDQGIAKA,46139.76,97.0
HLA-A*02:01,128,1,8,8,PESHRKPL,-PESHRKPL,PESHRKPL,46584.72,98.0
HLA-A*02:01,300,1,8,8,PARPASGP,PAR-PASGP,PARPASGP,46669.46,99.0
HLA-A*02:01,7,1,8,8,PPNKKPKV,-PPNKKPKV,PPNKKPKV,46955.14,99.0
HLA-A*02:01,135,1,8,8,PPRAAVPD,PPRAAVPD-,PPRAAVPD,47116.46,100.0
HLA-A*02:01,336,1,8,8,PINGNGKQ,PINGNGKQ-,PINGNGKQ,47892.57,100.0
